1,"Gutierrez, Miles and Wells",New Brendaburgh,LLC,Digital Operations,2024-09-28 00:00:00,2024-09-28 00:00:00
2,"James, Foley and Davis",New Luisshire,PLC,Digital Operations,2022-12-15 00:00:00,2022-12-15 00:00:00
3,"Avila, Koch and Goodwin",East Christopher,Group,Digital Operations,2022-10-02 00:00:00,2022-10-02 00:00:00
4,"Norton, Long and Long",North Jeffery,Group,Digital Operations,2025-09-10 00:00:00,2025-09-10 00:00:00
5,King-Holt,Kristaton,LLC,Digital Operations,2024-08-28 00:00:00,2024-08-28 00:00:00
6,"Johnson, Patterson and Phillips",East Richardton,Group,Digital Operations,2022-12-17 00:00:00,2022-12-17 00:00:00
7,Burgess LLC,South Anna,Inc,Digital Operations,2024-11-01 00:00:00,2024-11-01 00:00:00
8,"Young, Morris and Stewart",Valenzuelachester,Ltd,Digital Operations,2024-10-26 00:00:00,2024-10-26 00:00:00
9,Jones LLC,New Timothyfurt,PLC,Digital Operations,2021-03-02 00:00:00,2021-03-02 00:00:00
10,Zuniga LLC,Rachelberg,and Sons,Digital Operations,2024-09-14 00:00:00,2024-09-14 00:00:00
11,Huffman-Bray,South Anita,Group,Digital Operations,2021-10-24 00:00:00,2021-10-24 00:00:00
12,"Davis, Garner and Bailey",Kristymouth,Inc,Digital Operations,2020-04-18 00:00:00,2020-04-18 00:00:00
13,"Brooks, Johnson and Landry",South Ronaldton,Ltd,Digital Operations,2023-10-29 00:00:00,2023-10-29 00:00:00
14,Ryan PLC,Davisview,and Sons,Digital Operations,2023-05-19 00:00:00,2023-05-19 00:00:00
15,Brown-Huerta,New Gregorychester,PLC,Digital Operations,2021-11-23 00:00:00,2021-11-23 00:00:00
16,"Austin, Cardenas and Lowe",Haileymouth,Group,Digital Operations,2022-05-07 00:00:00,2022-05-07 00:00:00
17,"Lawson, Cervantes and Wilson",Port Dustin,PLC,Digital Operations,2025-08-28 00:00:00,2025-08-28 00:00:00
18,"Morales, Taylor and Brown",Gregoryville,PLC,Digital Operations,2022-06-20 00:00:00,2022-06-20 00:00:00
19,"Mcguire, Cummings and Perry",Thomasberg,Ltd,Digital Operations,2021-08-26 00:00:00,2021-08-26 00:00:00
20,Carlson-Walters,West Loriburgh,Inc,Digital Operations,2022-11-28 00:00:00,2022-11-28 00:00:00
21,"Martin, Hoffman and Mullins",Jenniferton,PLC,Digital Operations,2024-03-01 00:00:00,2024-03-01 00:00:00
22,Sullivan-Gentry,Jayborough,LLC,Digital Operations,2025-01-11 00:00:00,2025-01-11 00:00:00
23,"Ewing, Cruz and Hawkins",South Katherine,Group,Digital Operations,2021-03-11 00:00:00,2021-03-11 00:00:00
24,Woodward and Sons,Stevenstad,Group,Digital Operations,2023-05-28 00:00:00,2023-05-28 00:00:00
25,"Torres, Kramer and Clark",South Amanda,Inc,Digital Operations,2022-02-23 00:00:00,2022-02-23 00:00:00
26,"Elliott, Francis and Douglas",Zacharyside,PLC,Digital Operations,2020-09-26 00:00:00,2020-09-26 00:00:00
27,"Roberts, Bailey and Mccarthy",South Timothy,Group,Digital Operations,2020-08-23 00:00:00,2020-08-23 00:00:00
28,Harrison and Sons,North Tami,and Sons,Digital Operations,2020-06-27 00:00:00,2020-06-27 00:00:00
29,Moody LLC,Arthurshire,LLC,Digital Operations,2024-10-20 00:00:00,2024-10-20 00:00:00
30,"Peck, Schultz and Wilson",Jeromeview,Group,Digital Operations,2022-03-11 00:00:00,2022-03-11 00:00:00
31,Cruz Inc,Sullivanchester,Ltd,Digital Operations,2025-05-31 00:00:00,2025-05-31 00:00:00
32,Wilson-Long,South Francisco,Inc,Digital Operations,2024-10-04 00:00:00,2024-10-04 00:00:00
33,"Brown, Murphy and Alvarez",Lake Derrickburgh,PLC,Digital Operations,2020-09-28 00:00:00,2020-09-28 00:00:00
34,Rodriguez-Miranda,New Michellemouth,Ltd,Digital Operations,2020-07-31 00:00:00,2020-07-31 00:00:00
35,Gonzalez LLC,Williambury,and Sons,Digital Operations,2021-09-08 00:00:00,2021-09-08 00:00:00
36,Sims Group,North Jamesview,Inc,Digital Operations,2024-02-22 00:00:00,2024-02-22 00:00:00
37,Mcdowell-Smith,Lake Maryhaven,LLC,Digital Operations,2021-09-21 00:00:00,2021-09-21 00:00:00
38,Perez-Peterson,Jonathanfurt,Group,Digital Operations,2023-12-03 00:00:00,2023-12-03 00:00:00
39,"Cooper, Cunningham and Lee",Chaseborough,Inc,Digital Operations,2023-08-10 00:00:00,2023-08-10 00:00:00
40,Alexander Inc,West Barbarachester,Ltd,Digital Operations,2025-09-12 00:00:00,2025-09-12 00:00:00
41,Collins-Davenport,Lake Stevemouth,Inc,Digital Operations,2021-01-28 00:00:00,2021-01-28 00:00:00
42,"Benjamin, Harrison and Thompson",West Cynthiaborough,Group,Digital Operations,2021-02-11 00:00:00,2021-02-11 00:00:00
43,Cummings-Hopkins,North Sarah,Ltd,Digital Operations,2025-01-07 00:00:00,2025-01-07 00:00:00
44,Medina-Sweeney,West Jenniferchester,Inc,Digital Operations,2023-04-07 00:00:00,2023-04-07 00:00:00
45,"Robinson, Byrd and Carpenter",Maciasstad,PLC,Digital Operations,2025-04-19 00:00:00,2025-04-19 00:00:00
46,Hull-Collier,Tammychester,LLC,Digital Operations,2025-07-02 00:00:00,2025-07-02 00:00:00
47,Carlson-Henry,East Mary,Ltd,Digital Operations,2023-08-10 00:00:00,2023-08-10 00:00:00
48,"Ruiz, Parker and Alvarez",Aarontown,Group,Digital Operations,2021-04-10 00:00:00,2021-04-10 00:00:00
49,"Wheeler, Jackson and Ortiz",Fisherberg,PLC,Digital Operations,2024-03-05 00:00:00,2024-03-05 00:00:00
50,Raymond-Martinez,Gabrielmouth,LLC,Digital Operations,2022-05-11 00:00:00,2022-05-11 00:00:00
51,Wise and Sons,Lake Pamelahaven,Ltd,Digital Operations,2021-07-07 00:00:00,2021-07-07 00:00:00
52,Jenkins and Sons,Dawnborough,Group,Digital Operations,2024-10-15 00:00:00,2024-10-15 00:00:00
53,Brandt-Garrett,New Morgan,LLC,Digital Operations,2023-01-22 00:00:00,2023-01-22 00:00:00
54,Chavez Inc,East James,Inc,Digital Operations,2024-02-14 00:00:00,2024-02-14 00:00:00
55,Richardson-Stevens,New Brianberg,PLC,Digital Operations,2023-01-15 00:00:00,2023-01-15 00:00:00
56,"Cunningham, Sandoval and Fletcher",Spencerstad,and Sons,Digital Operations,2021-03-29 00:00:00,2021-03-29 00:00:00
57,Ross PLC,North Douglas,and Sons,Digital Operations,2025-06-01 00:00:00,2025-06-01 00:00:00
58,Ryan PLC,North Elizabeth,and Sons,Digital Operations,2025-02-09 00:00:00,2025-02-09 00:00:00
59,Porter-Porter,Sergiobury,Inc,Digital Operations,2023-08-14 00:00:00,2023-08-14 00:00:00
60,Duran-Anderson,Williamsmouth,Ltd,Digital Operations,2021-02-19 00:00:00,2021-02-19 00:00:00
61,"Ryan, Ross and Johnson",Mckenzieville,LLC,Digital Operations,2021-10-16 00:00:00,2021-10-16 00:00:00
62,Price-Allison,South Stephanie,PLC,Digital Operations,2024-06-11 00:00:00,2024-06-11 00:00:00
63,Hernandez-Robbins,West Kimberly,Ltd,Digital Operations,2023-03-07 00:00:00,2023-03-07 00:00:00
64,"Ruiz, Jones and Russell",West Ryan,Inc,Digital Operations,2022-06-29 00:00:00,2022-06-29 00:00:00
65,"Porter, Sullivan and Torres",Jenningston,Ltd,Digital Operations,2020-12-10 00:00:00,2020-12-10 00:00:00
66,Sanders-Hansen,Port Curtis,Inc,Digital Operations,2021-11-11 00:00:00,2021-11-11 00:00:00
67,"Hayes, Vincent and Brown",South Robertport,and Sons,Digital Operations,2023-09-19 00:00:00,2023-09-19 00:00:00
68,Gibson-Chen,New Williamport,and Sons,Digital Operations,2024-04-05 00:00:00,2024-04-05 00:00:00
69,Smith Inc,New Robert,LLC,Digital Operations,2021-05-15 00:00:00,2021-05-15 00:00:00
70,Scott-Price,New Nathaniel,Group,Digital Operations,2025-04-26 00:00:00,2025-04-26 00:00:00
71,"Harvey, Conway and Ortega",Cheryltown,LLC,Digital Operations,2025-05-10 00:00:00,2025-05-10 00:00:00
72,"Brooks, Parker and Gonzalez",Simmonsport,Inc,Digital Operations,2025-08-12 00:00:00,2025-08-12 00:00:00
73,Flynn LLC,East Michaelmouth,and Sons,Digital Operations,2023-05-20 00:00:00,2023-05-20 00:00:00
74,"Mitchell, Smith and Blankenship",Nathanborough,and Sons,Digital Operations,2022-01-12 00:00:00,2022-01-12 00:00:00
75,"Murphy, Bell and Robinson",East Jill,and Sons,Digital Operations,2024-03-04 00:00:00,2024-03-04 00:00:00
76,Tyler-Williams,Port Jessica,Inc,Digital Operations,2024-03-16 00:00:00,2024-03-16 00:00:00
77,Powell Group,Vangchester,Ltd,Digital Operations,2022-08-25 00:00:00,2022-08-25 00:00:00
78,Oconnor-Smith,Silvatown,Inc,Digital Operations,2021-05-17 00:00:00,2021-05-17 00:00:00
79,"Oneill, Meadows and Norton",Kendrashire,Ltd,Digital Operations,2023-01-02 00:00:00,2023-01-02 00:00:00
80,"Hicks, Roberts and Lloyd",Henryville,and Sons,Digital Operations,2020-06-11 00:00:00,2020-06-11 00:00:00
81,Sparks-Richardson,Port Timothy,Ltd,Digital Operations,2020-08-29 00:00:00,2020-08-29 00:00:00
82,Dean Group,Hutchinsonborough,Inc,Digital Operations,2025-04-03 00:00:00,2025-04-03 00:00:00
83,"Lewis, Burns and Hobbs",North Eric,Inc,Digital Operations,2023-03-16 00:00:00,2023-03-16 00:00:00
84,Garcia and Sons,North Mark,PLC,Digital Operations,2021-07-06 00:00:00,2021-07-06 00:00:00
85,"Anderson, Mata and Hess",North Shaneburgh,Inc,Digital Operations,2020-08-30 00:00:00,2020-08-30 00:00:00
86,"Skinner, Robinson and Mays",Deannaside,Inc,Digital Operations,2021-06-03 00:00:00,2021-06-03 00:00:00
87,Williams Ltd,Markston,Group,Digital Operations,2021-03-14 00:00:00,2021-03-14 00:00:00
88,"Smith, Johnson and Dominguez",Williamview,and Sons,Digital Operations,2025-04-21 00:00:00,2025-04-21 00:00:00
89,Dodson Ltd,Stevenport,Group,Digital Operations,2024-11-20 00:00:00,2024-11-20 00:00:00
90,Gonzalez-Spencer,Reesetown,LLC,Digital Operations,2024-06-16 00:00:00,2024-06-16 00:00:00
91,Bryant Ltd,Raymondfort,Ltd,Digital Operations,2021-02-18 00:00:00,2021-02-18 00:00:00
92,"Campbell, Martinez and Rose",Whitneymouth,PLC,Digital Operations,2022-02-03 00:00:00,2022-02-03 00:00:00
93,Williams PLC,East James,LLC,Digital Operations,2023-01-13 00:00:00,2023-01-13 00:00:00
94,"Herrera, Valencia and Thompson",West Jamie,PLC,Digital Operations,2022-05-09 00:00:00,2022-05-09 00:00:00
95,"Mason, Moody and Miller",North Timothyside,PLC,Digital Operations,2020-05-15 00:00:00,2020-05-15 00:00:00
96,Davenport-Vargas,Ryanville,PLC,Digital Operations,2022-06-13 00:00:00,2022-06-13 00:00:00
97,Thompson-Griffin,Justinview,Inc,Digital Operations,2024-03-14 00:00:00,2024-03-14 00:00:00
98,"Moreno, Alvarez and Garza",East Monica,and Sons,Digital Operations,2025-02-22 00:00:00,2025-02-22 00:00:00
99,Long-Larsen,Christopherchester,PLC,Digital Operations,2021-06-28 00:00:00,2021-06-28 00:00:00
100,Good-Cooper,North Jeffreybury,PLC,Digital Operations,2023-05-04 00:00:00,2023-05-04 00:00:00
101,Stewart and Sons,South Jessicaland,Inc,Digital Operations,2021-04-26 00:00:00,2021-04-26 00:00:00
102,"Matthews, Allen and Jones",Lake Kyleberg,Group,Digital Operations,2023-10-06 00:00:00,2023-10-06 00:00:00
103,Harrell Inc,West Wendy,PLC,Digital Operations,2024-07-24 00:00:00,2024-07-24 00:00:00
104,Durham PLC,Yangstad,Ltd,Digital Operations,2023-11-13 00:00:00,2023-11-13 00:00:00
105,Carter Inc,Olsonshire,Inc,Digital Operations,2024-02-02 00:00:00,2024-02-02 00:00:00
106,Torres-Rodriguez,North Steven,PLC,Digital Operations,2022-05-12 00:00:00,2022-05-12 00:00:00
107,"Ellis, Reilly and Nelson",New Jennifer,PLC,Digital Operations,2025-01-19 00:00:00,2025-01-19 00:00:00
108,Williams Inc,Deleonfort,PLC,Digital Operations,2020-09-23 00:00:00,2020-09-23 00:00:00
109,Johnson Group,Port Marychester,Inc,Digital Operations,2021-01-15 00:00:00,2021-01-15 00:00:00
110,"Hebert, Gray and Mullins",West Henry,PLC,Digital Operations,2025-06-02 00:00:00,2025-06-02 00:00:00
111,Thompson Group,Adamland,and Sons,Digital Operations,2022-01-02 00:00:00,2022-01-02 00:00:00
112,"Callahan, Leblanc and Terrell",Grayland,PLC,Digital Operations,2021-04-05 00:00:00,2021-04-05 00:00:00
113,"Jones, Roberts and Nelson",Ramirezville,Ltd,Digital Operations,2025-09-15 00:00:00,2025-09-15 00:00:00
114,Ford-Gibson,South Brianshire,Ltd,Digital Operations,2022-05-01 00:00:00,2022-05-01 00:00:00
115,Jones Inc,New Ronald,Inc,Digital Operations,2022-08-11 00:00:00,2022-08-11 00:00:00
116,"Hall, Hebert and Kelly",New Brianaville,Ltd,Digital Operations,2021-04-22 00:00:00,2021-04-22 00:00:00
117,"Meyers, Rosario and Farrell",Mcgeefurt,Ltd,Digital Operations,2022-08-25 00:00:00,2022-08-25 00:00:00
118,Roth-Barnett,Lake Veronicamouth,PLC,Digital Operations,2024-11-23 00:00:00,2024-11-23 00:00:00
119,Hart-Fitzpatrick,Nelsonhaven,Group,Digital Operations,2024-03-30 00:00:00,2024-03-30 00:00:00
120,"Hudson, Brooks and Boyd",West Lauraville,Ltd,Digital Operations,2020-04-15 00:00:00,2020-04-15 00:00:00
121,Bailey PLC,Cruzton,PLC,Digital Operations,2022-12-11 00:00:00,2022-12-11 00:00:00
122,"Thomas, Whitney and Torres",Gonzalesfort,and Sons,Digital Operations,2024-11-13 00:00:00,2024-11-13 00:00:00
123,Webb-Lewis,Port Benjamin,Group,Digital Operations,2020-09-08 00:00:00,2020-09-08 00:00:00
124,Washington-Moore,New Robert,LLC,Digital Operations,2024-09-29 00:00:00,2024-09-29 00:00:00
125,"Shaw, Vance and Hunter",Harrisonside,Ltd,Digital Operations,2023-04-21 00:00:00,2023-04-21 00:00:00
126,Ryan-Shelton,East Jeffreyhaven,Inc,Digital Operations,2024-08-29 00:00:00,2024-08-29 00:00:00
127,May-Arnold,Andersonmouth,Inc,Digital Operations,2021-03-15 00:00:00,2021-03-15 00:00:00
128,"Smith, Waters and Rivera",Bradymouth,Ltd,Digital Operations,2024-12-25 00:00:00,2024-12-25 00:00:00
129,Valenzuela Inc,Terriborough,PLC,Digital Operations,2025-08-17 00:00:00,2025-08-17 00:00:00
130,Curtis-Rodriguez,Davisshire,Inc,Digital Operations,2023-06-28 00:00:00,2023-06-28 00:00:00
131,Ward LLC,North Jonathon,Group,Digital Operations,2021-08-08 00:00:00,2021-08-08 00:00:00
132,Walsh-Reed,Staceyside,LLC,Digital Operations,2023-11-03 00:00:00,2023-11-03 00:00:00
133,Jackson PLC,Jenniferside,LLC,Digital Operations,2024-05-29 00:00:00,2024-05-29 00:00:00
134,Jordan PLC,Jeffersontown,and Sons,Digital Operations,2024-12-02 00:00:00,2024-12-02 00:00:00
135,Dominguez-Freeman,East Randy,LLC,Digital Operations,2024-08-13 00:00:00,2024-08-13 00:00:00
136,Haynes-Harrison,Summerstown,and Sons,Digital Operations,2022-08-02 00:00:00,2022-08-02 00:00:00
137,Johnson-Foster,Stoneport,Group,Digital Operations,2021-06-10 00:00:00,2021-06-10 00:00:00
138,Morris and Sons,South John,and Sons,Digital Operations,2023-09-22 00:00:00,2023-09-22 00:00:00
139,Garcia Group,South Elizabeth,PLC,Digital Operations,2022-11-19 00:00:00,2022-11-19 00:00:00
140,"Fuller, Pena and Diaz",Heathport,Group,Digital Operations,2020-06-14 00:00:00,2020-06-14 00:00:00
141,Harris-Gonzalez,Lake Joseph,PLC,Digital Operations,2020-09-10 00:00:00,2020-09-10 00:00:00
142,Lopez-Harris,East Melissa,Ltd,Digital Operations,2023-07-22 00:00:00,2023-07-22 00:00:00
143,"Perry, Oneal and Gallagher",Smithburgh,Inc,Digital Operations,2022-12-02 00:00:00,2022-12-02 00:00:00
144,"Hill, Hall and Bass",Lake Michaelview,Group,Digital Operations,2025-09-14 00:00:00,2025-09-14 00:00:00
145,Owen-Roman,West Cynthia,PLC,Digital Operations,2022-04-02 00:00:00,2022-04-02 00:00:00
146,Mitchell Ltd,Collinsberg,Group,Digital Operations,2021-08-24 00:00:00,2021-08-24 00:00:00
147,Miller-Franklin,Gardnermouth,Group,Digital Operations,2025-10-25 00:00:00,2025-10-25 00:00:00
148,"Cooley, Mcneil and Proctor",Ortizchester,Group,Digital Operations,2024-02-27 00:00:00,2024-02-27 00:00:00
149,"Davis, Miller and Smith",West Ronald,Group,Digital Operations,2024-12-12 00:00:00,2024-12-12 00:00:00
150,Roberts and Sons,Johnsonmouth,Group,Digital Operations,2022-01-13 00:00:00,2022-01-13 00:00:00
151,"Johnson, Miller and Ballard",North Noahberg,and Sons,Digital Operations,2022-10-17 00:00:00,2022-10-17 00:00:00
152,"Pope, Cox and Ruiz",West Dylanstad,PLC,Digital Operations,2025-08-11 00:00:00,2025-08-11 00:00:00
153,Daniel Inc,South Derek,Group,Digital Operations,2023-09-15 00:00:00,2023-09-15 00:00:00
154,Hayes-Palmer,New Rebecca,LLC,Digital Operations,2023-06-26 00:00:00,2023-06-26 00:00:00
155,Richardson-Murray,Lake Nicholas,LLC,Digital Operations,2020-01-21 00:00:00,2020-01-21 00:00:00
156,"Perry, Michael and Olsen",Griffintown,and Sons,Digital Operations,2020-07-28 00:00:00,2020-07-28 00:00:00
157,"Bender, Welch and Myers",Williamsshire,Group,Digital Operations,2021-09-04 00:00:00,2021-09-04 00:00:00
158,Santos and Sons,West Ryan,Inc,Digital Operations,2023-06-16 00:00:00,2023-06-16 00:00:00
159,Thomas-Hunter,West Stevenview,and Sons,Digital Operations,2020-11-30 00:00:00,2020-11-30 00:00:00
160,Gamble-Johnson,Amymouth,and Sons,Digital Operations,2022-09-29 00:00:00,2022-09-29 00:00:00
161,"Velasquez, Chambers and Fitzgerald",Lake Jasonview,and Sons,Digital Operations,2021-11-02 00:00:00,2021-11-02 00:00:00
162,Ayers Inc,South Sergioborough,and Sons,Digital Operations,2025-03-07 00:00:00,2025-03-07 00:00:00
163,Moon-Patterson,South Adamville,Inc,Digital Operations,2020-04-06 00:00:00,2020-04-06 00:00:00
164,"Rose, Paul and Chase",Lake Stephen,Ltd,Digital Operations,2021-03-25 00:00:00,2021-03-25 00:00:00
165,Lewis-Bell,South Brianfort,LLC,Digital Operations,2024-10-14 00:00:00,2024-10-14 00:00:00
166,Craig and Sons,Gallegosbury,Group,Digital Operations,2025-08-26 00:00:00,2025-08-26 00:00:00
167,Cole-Henderson,Barnesburgh,Inc,Digital Operations,2021-05-16 00:00:00,2021-05-16 00:00:00
168,Griffin-Mays,Spearsview,Inc,Digital Operations,2020-03-19 00:00:00,2020-03-19 00:00:00
169,"Barnes, Nelson and Lee",New Tyler,Ltd,Digital Operations,2023-11-10 00:00:00,2023-11-10 00:00:00
170,Parsons LLC,West Brianberg,Group,Digital Operations,2025-03-22 00:00:00,2025-03-22 00:00:00
171,"Mays, Bridges and Jackson",Weaverfort,Ltd,Digital Operations,2025-02-18 00:00:00,2025-02-18 00:00:00
172,"Rodriguez, Miller and Baxter",Mercadobury,Inc,Digital Operations,2025-08-25 00:00:00,2025-08-25 00:00:00
173,Smith Group,Josephbury,LLC,Digital Operations,2025-09-25 00:00:00,2025-09-25 00:00:00
174,Davenport-Allen,Jonesport,Inc,Digital Operations,2023-09-17 00:00:00,2023-09-17 00:00:00
175,"Morrow, George and White",Byrdmouth,Ltd,Digital Operations,2020-03-11 00:00:00,2020-03-11 00:00:00
176,Cruz-Haynes,Carneyport,LLC,Digital Operations,2023-07-11 00:00:00,2023-07-11 00:00:00
177,Myers PLC,West Christopher,and Sons,Digital Operations,2022-03-04 00:00:00,2022-03-04 00:00:00
178,Ross-Holland,East Nicholas,Group,Digital Operations,2025-06-16 00:00:00,2025-06-16 00:00:00
179,Zimmerman-Burton,Perezberg,PLC,Digital Operations,2025-02-03 00:00:00,2025-02-03 00:00:00
180,Howell-Henry,West Jessicamouth,Group,Digital Operations,2025-02-15 00:00:00,2025-02-15 00:00:00
181,"Middleton, Ruiz and Mcbride",Christopherchester,Ltd,Digital Operations,2025-11-10 00:00:00,2025-11-10 00:00:00
182,Evans-Williams,North Robert,and Sons,Digital Operations,2025-10-25 00:00:00,2025-10-25 00:00:00
183,"Chambers, Thomas and Russell",Sarahfort,PLC,Digital Operations,2020-12-09 00:00:00,2020-12-09 00:00:00
184,Good LLC,Francismouth,Inc,Digital Operations,2022-12-30 00:00:00,2022-12-30 00:00:00
185,"Jones, Freeman and Cooper",Sabrinaborough,and Sons,Digital Operations,2020-07-17 00:00:00,2020-07-17 00:00:00
186,"Taylor, Jones and Brock",Jillmouth,LLC,Digital Operations,2020-12-31 00:00:00,2020-12-31 00:00:00
187,"Arellano, Wilson and Wallace",Richardsonport,LLC,Digital Operations,2020-07-28 00:00:00,2020-07-28 00:00:00
188,Gross and Sons,Christopherport,LLC,Digital Operations,2024-08-18 00:00:00,2024-08-18 00:00:00
189,Schroeder-Mcgee,Danielmouth,LLC,Digital Operations,2024-09-12 00:00:00,2024-09-12 00:00:00
190,Weaver-Parker,Lake Valeriechester,Group,Digital Operations,2024-10-11 00:00:00,2024-10-11 00:00:00
191,Lara Inc,West Sarahstad,and Sons,Digital Operations,2025-10-03 00:00:00,2025-10-03 00:00:00
192,Zamora and Sons,South Paul,Inc,Digital Operations,2021-06-11 00:00:00,2021-06-11 00:00:00
193,Herman-Watson,Port Seanland,LLC,Digital Operations,2025-10-09 00:00:00,2025-10-09 00:00:00
194,"Sullivan, Bauer and Howard",Port Leah,Ltd,Digital Operations,2021-12-17 00:00:00,2021-12-17 00:00:00
195,Fisher-Watkins,New Leslie,and Sons,Digital Operations,2021-02-19 00:00:00,2021-02-19 00:00:00
196,Allen Inc,Margaretville,Group,Digital Operations,2022-09-14 00:00:00,2022-09-14 00:00:00
197,Carey-Arias,East Denise,Ltd,Digital Operations,2020-02-01 00:00:00,2020-02-01 00:00:00
198,"Fox, Gould and Boyer",Dianemouth,Ltd,Digital Operations,2025-07-25 00:00:00,2025-07-25 00:00:00
199,Smith-Rodriguez,Aliceborough,and Sons,Digital Operations,2025-10-28 00:00:00,2025-10-28 00:00:00
200,Heath-Porter,East Conniefort,LLC,Digital Operations,2023-06-20 00:00:00,2023-06-20 00:00:00
201,Jones and Sons,Stephensshire,and Sons,Digital Operations,2020-09-09 00:00:00,2020-09-09 00:00:00
202,Nichols-Yoder,Lauraburgh,Group,Digital Operations,2022-08-29 00:00:00,2022-08-29 00:00:00
203,"Gill, Hines and Smith",East Kylefurt,Inc,Digital Operations,2020-09-03 00:00:00,2020-09-03 00:00:00
204,Mccarty Group,South Jasmine,PLC,Digital Operations,2023-07-22 00:00:00,2023-07-22 00:00:00
205,Robles PLC,North Laura,LLC,Digital Operations,2021-07-07 00:00:00,2021-07-07 00:00:00
206,Jordan Ltd,Lake Christopherfort,PLC,Digital Operations,2020-07-23 00:00:00,2020-07-23 00:00:00
207,Gonzales-Tran,Lucasburgh,Inc,Digital Operations,2025-06-02 00:00:00,2025-06-02 00:00:00
208,King Group,Estesfort,Group,Digital Operations,2023-03-09 00:00:00,2023-03-09 00:00:00
209,Jefferson PLC,Jefferystad,Group,Digital Operations,2020-06-16 00:00:00,2020-06-16 00:00:00
210,"Bennett, Espinoza and Baker",West Ashleyside,and Sons,Digital Operations,2024-01-14 00:00:00,2024-01-14 00:00:00
211,Mccarthy Inc,Port Danielchester,PLC,Digital Operations,2025-08-04 00:00:00,2025-08-04 00:00:00
212,"Robinson, Long and Small",Pamelahaven,LLC,Digital Operations,2025-11-01 00:00:00,2025-11-01 00:00:00
213,Herrera Inc,Summersport,Ltd,Digital Operations,2024-06-01 00:00:00,2024-06-01 00:00:00
214,Merritt Inc,North Sandraberg,Inc,Digital Operations,2024-03-19 00:00:00,2024-03-19 00:00:00
215,"Manning, Spears and Phillips",Lake Michellechester,Inc,Digital Operations,2022-05-28 00:00:00,2022-05-28 00:00:00
216,Rogers-Hanna,Caseyborough,PLC,Digital Operations,2025-05-13 00:00:00,2025-05-13 00:00:00
217,Warner-Bailey,East Jennifer,Ltd,Digital Operations,2022-03-22 00:00:00,2022-03-22 00:00:00
218,"Schneider, Cole and Collins",East David,Inc,Digital Operations,2021-10-29 00:00:00,2021-10-29 00:00:00
219,"Estes, Jones and Clark",Alexanderborough,Group,Digital Operations,2020-07-31 00:00:00,2020-07-31 00:00:00
220,Robles Group,Port Lisa,and Sons,Digital Operations,2025-09-19 00:00:00,2025-09-19 00:00:00
221,Sullivan Group,Michaelton,Ltd,Digital Operations,2025-10-15 00:00:00,2025-10-15 00:00:00
222,Wilkins Ltd,Lake Tamarachester,and Sons,Digital Operations,2020-03-27 00:00:00,2020-03-27 00:00:00
223,Riggs-Collins,Jessicatown,Ltd,Digital Operations,2020-10-26 00:00:00,2020-10-26 00:00:00
224,"Rodriguez, Dixon and Rogers",Lesliehaven,Inc,Digital Operations,2022-10-07 00:00:00,2022-10-07 00:00:00
225,Thompson LLC,Mendezport,LLC,Digital Operations,2023-07-21 00:00:00,2023-07-21 00:00:00
226,Jensen-Harris,Harrisonport,Inc,Digital Operations,2020-02-29 00:00:00,2020-02-29 00:00:00
227,Anderson-Phillips,South Leah,Group,Digital Operations,2024-02-11 00:00:00,2024-02-11 00:00:00
228,"Jensen, Christensen and Delacruz",Jasminechester,and Sons,Digital Operations,2022-12-26 00:00:00,2022-12-26 00:00:00
229,Curry PLC,Cruzburgh,Group,Digital Operations,2024-01-10 00:00:00,2024-01-10 00:00:00
230,Wilson-White,Port Jermaine,PLC,Digital Operations,2025-02-27 00:00:00,2025-02-27 00:00:00
231,Thompson Inc,Willisville,Group,Digital Operations,2021-01-01 00:00:00,2021-01-01 00:00:00
232,"Combs, Hull and Scott",Gabrielburgh,LLC,Digital Operations,2025-09-03 00:00:00,2025-09-03 00:00:00
233,Mckee-White,Smithstad,Ltd,Digital Operations,2025-07-25 00:00:00,2025-07-25 00:00:00
234,Rivera Inc,Pottsfort,PLC,Digital Operations,2021-06-17 00:00:00,2021-06-17 00:00:00
235,Wright Ltd,Tamiview,Inc,Digital Operations,2024-01-23 00:00:00,2024-01-23 00:00:00
236,Adams Ltd,Barretttown,Group,Digital Operations,2024-03-05 00:00:00,2024-03-05 00:00:00
237,Walsh-Beltran,Danaside,Inc,Digital Operations,2020-02-05 00:00:00,2020-02-05 00:00:00
238,Paul Ltd,North Bruce,Group,Digital Operations,2021-08-30 00:00:00,2021-08-30 00:00:00
239,"Edwards, Simpson and George",West Justinview,and Sons,Digital Operations,2023-09-27 00:00:00,2023-09-27 00:00:00
240,"Daniels, Garcia and Mosley",South Michael,Inc,Digital Operations,2025-11-17 00:00:00,2025-11-17 00:00:00
241,Ball-Zhang,Johnnyland,LLC,Digital Operations,2022-10-18 00:00:00,2022-10-18 00:00:00
242,"Moore, Rogers and Vance",New Dustinmouth,LLC,Digital Operations,2020-08-19 00:00:00,2020-08-19 00:00:00
243,"Mccoy, Williams and Whitaker",Lake Allisonhaven,LLC,Digital Operations,2023-10-09 00:00:00,2023-10-09 00:00:00
244,Guzman-Logan,Joshuabury,PLC,Digital Operations,2024-08-03 00:00:00,2024-08-03 00:00:00
245,Harper LLC,West Johnmouth,LLC,Digital Operations,2024-01-12 00:00:00,2024-01-12 00:00:00
246,Paul Ltd,Lake John,and Sons,Digital Operations,2023-10-07 00:00:00,2023-10-07 00:00:00
247,"Curtis, Hughes and Jones",East Jeffrey,Inc,Digital Operations,2024-02-18 00:00:00,2024-02-18 00:00:00
248,Mayer-Smith,East Lindahaven,PLC,Digital Operations,2020-01-07 00:00:00,2020-01-07 00:00:00
249,"Hall, Gonzalez and Martin",Port Scottview,Group,Digital Operations,2024-06-14 00:00:00,2024-06-14 00:00:00
250,Costa LLC,Brianshire,Ltd,Digital Operations,2025-05-27 00:00:00,2025-05-27 00:00:00
251,"Peters, Jackson and Smith",East Traci,and Sons,Digital Operations,2025-09-14 00:00:00,2025-09-14 00:00:00
252,Whitehead-Harrison,South Emily,LLC,Digital Operations,2021-02-21 00:00:00,2021-02-21 00:00:00
253,Moore-Frazier,Richardstad,Group,Digital Operations,2022-02-27 00:00:00,2022-02-27 00:00:00
254,"Kelley, Fowler and Garcia",West Sean,and Sons,Digital Operations,2024-03-24 00:00:00,2024-03-24 00:00:00
255,"Leblanc, Bryant and Lopez",North Jessicamouth,Inc,Digital Operations,2021-07-13 00:00:00,2021-07-13 00:00:00
256,"Lynn, Macdonald and Brock",Matthewfurt,Group,Digital Operations,2023-04-27 00:00:00,2023-04-27 00:00:00
257,"English, Rojas and Morrison",Melvinburgh,Ltd,Digital Operations,2022-05-01 00:00:00,2022-05-01 00:00:00
258,"Hutchinson, Grant and Reid",South Paula,Group,Digital Operations,2025-09-30 00:00:00,2025-09-30 00:00:00
259,Lambert-Smith,Morganstad,Group,Digital Operations,2021-02-16 00:00:00,2021-02-16 00:00:00
260,"Freeman, Crawford and Abbott",West Hectorside,LLC,Digital Operations,2024-10-20 00:00:00,2024-10-20 00:00:00
261,Hernandez-Sloan,Kristopherfurt,LLC,Digital Operations,2022-05-29 00:00:00,2022-05-29 00:00:00
262,Burton Ltd,North Mollyville,Inc,Digital Operations,2023-08-14 00:00:00,2023-08-14 00:00:00
263,"Wang, Terrell and Keller",Port Steven,LLC,Digital Operations,2022-03-31 00:00:00,2022-03-31 00:00:00
264,Bryant-Hodges,Stanleymouth,and Sons,Digital Operations,2021-12-17 00:00:00,2021-12-17 00:00:00
265,"Reeves, Norris and Shepard",Kellybury,Ltd,Digital Operations,2024-03-02 00:00:00,2024-03-02 00:00:00
266,Walters-Gonzales,Lake Davidstad,and Sons,Digital Operations,2025-11-17 00:00:00,2025-11-17 00:00:00
267,Roman-White,West Bonnie,PLC,Digital Operations,2024-01-23 00:00:00,2024-01-23 00:00:00
268,"Johnston, Hess and Rodriguez",New Cameron,PLC,Digital Operations,2021-08-13 00:00:00,2021-08-13 00:00:00
269,"Hoffman, Cruz and Mckay",New Deborah,PLC,Digital Operations,2022-01-10 00:00:00,2022-01-10 00:00:00
270,Jones PLC,North Jerometon,Ltd,Digital Operations,2020-01-17 00:00:00,2020-01-17 00:00:00
271,Ingram Group,Mooreview,Group,Digital Operations,2022-04-13 00:00:00,2022-04-13 00:00:00
272,Hicks Inc,North Christopherview,and Sons,Digital Operations,2023-09-20 00:00:00,2023-09-20 00:00:00
273,Sherman-Castro,Marisaburgh,LLC,Digital Operations,2022-02-26 00:00:00,2022-02-26 00:00:00
274,"Arnold, Nielsen and Best",Gregton,Ltd,Digital Operations,2024-07-16 00:00:00,2024-07-16 00:00:00
275,Davis-Jones,Port Joyce,Group,Digital Operations,2023-10-11 00:00:00,2023-10-11 00:00:00
276,Peterson LLC,Kevinstad,Inc,Digital Operations,2020-12-16 00:00:00,2020-12-16 00:00:00
277,Kennedy-Hernandez,East Jasonstad,and Sons,Digital Operations,2025-10-31 00:00:00,2025-10-31 00:00:00
278,Meyers Inc,Port Williamburgh,PLC,Digital Operations,2020-10-29 00:00:00,2020-10-29 00:00:00
279,Buckley-Thomas,Kimberlystad,Inc,Digital Operations,2020-01-31 00:00:00,2020-01-31 00:00:00
280,Marshall-Barnes,South Cherylstad,Group,Digital Operations,2021-10-19 00:00:00,2021-10-19 00:00:00
281,Braun-Turner,Toddland,PLC,Digital Operations,2023-04-12 00:00:00,2023-04-12 00:00:00
282,"Fernandez, Johnson and Rhodes",Wolfeville,LLC,Digital Operations,2020-07-29 00:00:00,2020-07-29 00:00:00
283,"Adams, Miller and Davis",East Rickyville,Inc,Digital Operations,2022-08-28 00:00:00,2022-08-28 00:00:00
284,"Weaver, Ramos and Brown",South Nicholas,Group,Digital Operations,2021-12-23 00:00:00,2021-12-23 00:00:00
285,Hernandez Group,Jasontown,Inc,Digital Operations,2025-04-29 00:00:00,2025-04-29 00:00:00
286,"Green, Garcia and Smith",Kelleyton,and Sons,Digital Operations,2021-05-12 00:00:00,2021-05-12 00:00:00
287,Sharp Ltd,Lisashire,and Sons,Digital Operations,2020-07-25 00:00:00,2020-07-25 00:00:00
288,Rodriguez-Tran,East Davidside,LLC,Digital Operations,2025-07-08 00:00:00,2025-07-08 00:00:00
289,Dorsey Group,South Ashlee,Inc,Digital Operations,2020-09-25 00:00:00,2020-09-25 00:00:00
290,Baker-Patel,Lake Connie,LLC,Digital Operations,2024-07-21 00:00:00,2024-07-21 00:00:00
291,Weaver-Williams,West Danielport,Inc,Digital Operations,2024-02-15 00:00:00,2024-02-15 00:00:00
292,Thomas Ltd,Port Huntershire,and Sons,Digital Operations,2023-09-20 00:00:00,2023-09-20 00:00:00
293,Ponce-Page,Lake Douglas,LLC,Digital Operations,2024-07-17 00:00:00,2024-07-17 00:00:00
294,"Logan, Jones and Diaz",West Kevin,Group,Digital Operations,2023-05-06 00:00:00,2023-05-06 00:00:00
295,"Hart, Davis and Young",East Hayden,Ltd,Digital Operations,2025-06-04 00:00:00,2025-06-04 00:00:00
296,Peterson-Bailey,Petersonhaven,Group,Digital Operations,2021-04-22 00:00:00,2021-04-22 00:00:00
297,"Tapia, Campbell and Good",Lawrencestad,and Sons,Digital Operations,2021-02-19 00:00:00,2021-02-19 00:00:00
298,Lewis Ltd,Port Teresaburgh,Inc,Digital Operations,2023-07-10 00:00:00,2023-07-10 00:00:00
299,"Anderson, Frost and Salazar",Katiefurt,and Sons,Digital Operations,2022-11-10 00:00:00,2022-11-10 00:00:00
300,"Bolton, Strong and Branch",Martinfort,and Sons,Digital Operations,2021-03-30 00:00:00,2021-03-30 00:00:00
